<?xml version="1.0" encoding="UTF-8"?>
<templates id="template" xml:space="preserve">
    <t t-name="point_of_sale.ProductCard" t-inherit="point_of_sale.ProductCard" t-inherit-mode="extension">
        <xpath expr="//div[hasclass('product-information-tag')]" position="before">
            <t t-if="value.display_stock">
                <t t-if="pos.res_setting['stock_from'] == 'all_warehouse'">
                    <t t-if="pos.res_setting['stock_type'] == 'incoming_qty'">
                        <div class="ribbon">
                            <t t-esc="state.incoming_qty"/>
                        </div>
                    </t>
                    <t t-if="pos.res_setting['stock_type'] == 'outgoing_qty'">
                        <div class="ribbon">
                            <t t-esc="state.outgoing_qty"/>
                        </div>
                    </t>
                    <t t-if="pos.res_setting['stock_type'] == 'on_hand'">
                        <div class="ribbon">
                            <t t-esc="state.qty_available"/>
                        </div>
                    </t>
                </t>
                <t t-if="pos.res_setting['stock_from'] == 'current_warehouse'">
                    <t t-if="pos.res_setting['stock_type'] == 'incoming_qty'">
                        <div class="ribbon">
                            <t t-esc="props.incoming_loc"/>
                        </div>
                    </t>
                    <t t-if="pos.res_setting['stock_type'] == 'outgoing_qty'">
                        <div class="ribbon">
                            <t t-esc="props.outgoing"/>
                        </div>
                    </t>
                    <t t-if="pos.res_setting['stock_type'] == 'on_hand'">
                        <div class="ribbon">
                            <t t-out="props.on_hand"/>
                        </div>
                    </t>
                </t>
            </t>
        </xpath>
    </t>
</templates>